chain,resseq,icode,aa3,aa1,x,y,z,idx_in_chain,acc,rsa,t,in_membrane
A,1,,GLY,G,26.55900001525879,22.28700065612793,48.77799987792969,0,48.0,0.46153846153846156,-22.197202987497292,False
A,2,,SER,S,25.698999404907227,23.291000366210938,45.2130012512207,1,66.0,0.4258064516129032,-19.30674984492135,False
A,3,,HIS,H,27.85300064086914,25.648000717163086,43.15800094604492,2,17.0,0.07589285714285714,-18.64468807772131,False
A,4,,SER,S,27.690000534057617,27.801000595092773,40.04899978637695,3,11.0,0.07096774193548387,-15.909407931541903,False
A,5,,MET,M,29.812000274658203,29.924999237060547,37.724998474121094,4,0.0,0.0,-15.205342372637322,False
A,6,,ARG,R,28.180999755859375,32.80400085449219,35.87799835205078,5,82.0,0.29927007299270075,-11.69839336046921,False
A,7,,TYR,Y,29.30299949645996,35.58399963378906,33.56800079345703,6,1.0,0.0038022813688212928,-9.965978200175053,False
A,8,,PHE,F,27.34600067138672,38.81700134277344,33.23400115966797,7,23.0,0.09583333333333334,-6.808688749834577,False
A,9,,PHE,F,27.875,41.06399917602539,30.22800064086914,8,0.0,0.0,-4.570347600597935,False
A,10,,THR,T,26.472999572753906,44.547000885009766,29.834999084472656,9,3.0,0.01744186046511628,-1.654443092997484,False
A,11,,SER,S,26.871999740600586,46.972999572753906,26.933000564575195,10,1.0,0.0064516129032258064,0.7128478550540764,False
A,12,,VAL,V,25.274999618530273,50.415000915527344,26.97100067138672,11,11.0,0.06321839080459771,3.531594344304718,False
A,13,,SER,S,25.249000549316406,52.52399826049805,23.81100082397461,12,20.0,0.12903225806451613,6.173217665820294,False
A,14,,ARG,R,26.2549991607666,56.1870002746582,23.954999923706055,13,69.0,0.2518248175182482,7.197844236224041,False
A,15,,PRO,P,24.95199966430664,57.972999572753906,20.82900047302246,14,65.0,0.4088050314465409,10.570507172374931,False
A,16,,GLY,G,26.902000427246094,61.034000396728516,19.780000686645508,15,86.0,0.8269230769230769,11.222798364403072,False
A,17,,ARG,R,29.70199966430664,60.125,22.152999877929688,16,195.0,0.7116788321167883,7.596218676773528,False
A,18,,GLY,G,32.32400131225586,57.38800048828125,21.9689998626709,17,59.0,0.5673076923076923,4.470519043107355,False
A,19,,GLU,E,31.881000518798828,53.650001525878906,21.584999084472656,18,88.0,0.39461883408071746,3.1285724814369296,False
A,20,,PRO,P,29.368999481201172,51.915000915527344,23.889999389648438,19,18.0,0.11320754716981132,2.9036573168211435,False
A,21,,ARG,R,30.486000061035156,50.9630012512207,27.38599967956543,20,88.0,0.32116788321167883,-0.10927388145758687,False
A,22,,PHE,F,31.070999145507812,47.31700134277344,28.091999053955078,21,1.0,0.004166666666666667,-2.681505278516217,False
A,23,,ILE,I,31.322999954223633,45.66999816894531,31.52199935913086,22,20.0,0.10152284263959391,-5.390280784132196,False
A,24,,ALA,A,31.8700008392334,41.983001708984375,32.18199920654297,23,0.0,0.0,-7.93277759578853,False
A,25,,VAL,V,31.945999145507812,40.28499984741211,35.58700180053711,24,0.0,0.0,-10.529161552670706,False
A,26,,GLY,G,32.481998443603516,36.65399932861328,36.47700119018555,25,0.0,0.0,-13.151140866274055,False
A,27,,TYR,Y,31.148000717163086,34.891998291015625,39.55799865722656,26,28.0,0.10646387832699619,-14.6148333291262,False
A,28,,VAL,V,31.541000366210938,31.711999893188477,41.59700012207031,27,0.0,0.0,-17.486585218216998,False
A,29,,ASP,D,28.413000106811523,31.499000549316406,43.73699951171875,28,23.0,0.11917098445595854,-16.43829164111234,False
A,30,,ASP,D,28.15999984741211,34.98699951171875,45.28900146484375,29,63.0,0.32642487046632124,-15.309223207089179,False
A,31,,THR,T,31.860000610351562,35.814998626708984,44.93199920654297,30,21.0,0.12209302325581395,-17.351453532602413,False
A,32,,GLN,Q,32.983001708984375,37.91400146484375,41.95100021362305,31,25.0,0.1111111111111111,-15.621080102022283,False
A,33,,PHE,F,36.38999938964844,36.77799987792969,40.69599914550781,32,0.0,0.0,-17.977443370014367,False
A,34,,VAL,V,37.082000732421875,38.73899841308594,37.483001708984375,33,0.0,0.0,-15.892938768479198,False
A,35,,ARG,R,36.06999969482422,41.915000915527344,35.66299819946289,34,55.0,0.20072992700729927,-12.692623995600854,False
A,36,,PHE,F,36.53499984741211,43.92900085449219,32.481998443603516,35,3.0,0.0125,-10.436531408116247,False
A,37,,ASP,D,35.57899856567383,47.53900146484375,31.841999053955078,36,24.0,0.12435233160621761,-7.651366195066881,False
A,38,,SER,S,36.1150016784668,49.111000061035156,28.410999298095703,37,12.0,0.07741935483870968,-5.539368845974338,False
A,39,,ASP,D,36.43299865722656,52.595001220703125,29.983999252319336,38,77.0,0.39896373056994816,-4.8286896837405155,False
A,40,,ALA,A,39.34600067138672,51.45000076293945,32.167999267578125,39,25.0,0.1937984496124031,-8.557830766436464,False
A,41,,ALA,A,42.96699905395508,52.21900177001953,31.27400016784668,40,105.0,0.813953488372093,-10.304582460360336,False
A,42,,SER,S,44.29999923706055,48.67499923706055,31.770999908447266,41,63.0,0.4064516129032258,-13.25360678231635,False
A,43,,GLN,Q,42.34400177001953,47.266998291015625,28.788000106811523,42,81.0,0.36,-11.068037193756016,False
A,44,,ARG,R,42.58399963378906,43.840999603271484,30.3799991607666,43,93.0,0.33941605839416056,-13.729196687338511,False
A,45,,MET,M,40.60100173950195,41.18000030517578,32.21699905395508,44,3.0,0.013392857142857142,-14.554184163059176,False
A,46,,GLU,E,41.36000061035156,42.071998596191406,35.83599853515625,45,36.0,0.16143497757847533,-16.46204872859383,False
A,47,,PRO,P,41.130001068115234,39.821998596191406,38.944000244140625,46,48.0,0.3018867924528302,-18.965429604484928,False
A,48,,ARG,R,38.654998779296875,40.71200180053711,41.72100067138672,47,92.0,0.3357664233576642,-18.154281203254005,False
A,49,,ALA,A,39.32099914550781,37.95500183105469,44.25,48,8.0,0.06201550387596899,-21.25588267609225,False
A,50,,PRO,P,42.577999114990234,36.80799865722656,45.91600036621094,49,87.0,0.5471698113207547,-24.9715572089394,False
A,51,,TRP,W,42.444000244140625,33.16999816894531,44.74399948120117,50,18.0,0.06315789473684211,-26.089707578905617,False
A,52,,ILE,I,42.34299850463867,34.09400177001953,41.034000396728516,51,0.0,0.0,-23.705881742619937,False
A,53,,GLU,E,45.38600158691406,36.395999908447266,41.358001708984375,52,118.0,0.5291479820627802,-24.892503028573156,False
A,54,,GLN,Q,47.66400146484375,33.37200164794922,41.48699951171875,53,163.0,0.7244444444444444,-28.072109955108402,False
A,55,,GLU,E,46.62300109863281,32.38199996948242,37.939998626708984,54,22.0,0.09865470852017937,-26.048248203176563,False
A,56,,GLY,G,49.2869987487793,32.34299850463867,35.24399948120117,55,35.0,0.33653846153846156,-26.613333093575264,False
A,57,,PRO,P,49.790000915527344,35.08000183105469,32.577999114990234,56,102.0,0.6415094339622641,-24.28414713392825,False
A,58,,GLU,E,48.57099914550781,32.70199966430664,29.843000411987305,57,172.0,0.7713004484304933,-23.226273525520693,False
A,59,,TYR,Y,45.20399856567383,32.78900146484375,31.628000259399414,58,15.0,0.057034220532319393,-21.68219365875663,False
A,60,,TRP,W,44.939998626708984,36.58000183105469,31.70599937438965,59,30.0,0.10526315789473684,-19.65843536171225,False
A,61,,ASP,D,46.06800079345703,36.76599884033203,28.07699966430664,60,87.0,0.45077720207253885,-18.553817540457686,False
A,62,,GLY,G,43.45500183105469,34.17300033569336,27.139999389648438,61,12.0,0.11538461538461539,-17.510312952664098,False
A,63,,GLU,E,40.65700149536133,35.91600036621094,29.08300018310547,62,5.0,0.02242152466367713,-15.630645773231556,False
A,64,,THR,T,41.63800048828125,39.41999816894531,28.003000259399414,63,4.0,0.023255813953488372,-14.054893676942303,False
A,65,,ARG,R,41.46500015258789,37.99300003051758,24.4689998626709,64,132.0,0.48175182481751827,-12.870724521964457,False
A,66,,LYS,K,37.994998931884766,36.48400115966797,24.73900032043457,65,18.0,0.07627118644067797,-11.285328814597106,False
A,67,,VAL,V,36.47100067138672,39.35599899291992,26.71299934387207,66,0.0,0.0,-9.76840976160317,False
A,68,,LYS,K,37.51599884033203,41.816001892089844,23.986000061035156,67,100.0,0.423728813559322,-7.931029204130008,False
A,69,,ALA,A,35.80500030517578,39.516998291015625,21.474000930786133,68,46.0,0.35658914728682173,-6.595828817550288,False
A,70,,HIS,H,32.72100067138672,39.494998931884766,23.742000579833984,69,1.0,0.004464285714285714,-5.548343319966255,False
A,71,,SER,S,32.90399932861328,43.30099868774414,23.847999572753906,70,17.0,0.10967741935483871,-3.84893027066469,False
A,72,,GLN,Q,33.084999084472656,43.47600173950195,20.051000595092773,71,94.0,0.4177777777777778,-1.9925415630987864,False
A,73,,THR,T,30.06399917602539,41.308998107910156,19.211000442504883,72,24.0,0.13953488372093023,-0.4967922986609281,False
A,74,,HIS,H,27.982999801635742,43.17900085449219,21.812000274658203,73,0.0,0.0,0.6069881354244799,False
A,75,,ARG,R,29.017000198364258,46.43199920654297,20.16200065612793,74,105.0,0.38321167883211676,2.3059142041780607,False
A,76,,VAL,V,27.718000411987305,45.319000244140625,16.76300048828125,75,72.0,0.41379310344827586,4.378347038255336,False
A,77,,ASP,D,24.67099952697754,43.742000579833984,18.46299934387207,76,1.0,0.0051813471502590676,4.91440511153768,False
A,78,,LEU,L,23.559999465942383,47.255001068115234,19.388999938964844,77,11.0,0.05472636815920398,6.97877882576417,False
A,79,,GLY,G,23.666000366210938,48.124000549316406,15.699000358581543,78,33.0,0.3173076923076923,9.178244163902896,False
A,80,,THR,T,21.826000213623047,44.96699905395508,14.61400032043457,79,42.0,0.2441860465116279,9.467271848792528,False
A,81,,LEU,L,19.110000610351562,45.172000885009766,17.274999618530273,80,0.0,0.0,10.168930248234432,False
A,82,,ARG,R,18.523000717163086,48.810001373291016,16.381000518798828,81,88.0,0.32116788321167883,12.83262722047558,False
A,83,,GLY,G,17.593000411987305,47.766998291015625,12.854000091552734,82,48.0,0.46153846153846156,14.741365283974801,False
A,84,,TYR,Y,15.541999816894531,44.78799819946289,14.038000106811523,83,50.0,0.19011406844106463,14.133931926594554,False
A,85,,TYR,Y,13.10099983215332,47.198001861572266,15.690999984741211,84,65.0,0.24714828897338403,16.23472346006323,False
A,86,,ASN,N,13.401000022888184,50.03200149536133,13.128999710083008,85,154.0,0.7897435897435897,18.7041960643534,True
A,87,,GLN,Q,14.550000190734863,52.29899978637695,15.946000099182129,86,67.0,0.29777777777777775,17.600180496205002,False
A,88,,SER,S,16.027999877929688,55.768001556396484,15.461000442504883,87,77.0,0.4967741935483871,18.507812979666877,True
A,89,,GLU,E,19.58300018310547,56.89799880981445,16.204999923706055,88,162.0,0.726457399103139,16.167533030914306,False
A,90,,ALA,A,18.382999420166016,58.845001220703125,19.243999481201172,89,70.0,0.5426356589147286,16.464110798461753,False
A,91,,GLY,G,18.423999786376953,57.249000549316406,22.673999786376953,90,45.0,0.4326923076923077,13.930558754866432,False
A,92,,SER,S,20.739999771118164,54.880001068115234,24.493999481201172,91,62.0,0.4,10.202409226899636,False
A,93,,HIS,H,20.172000885009766,51.10499954223633,24.445999145507812,92,24.0,0.10714285714285714,8.76301959814704,False
A,94,,THR,T,21.364999771118164,48.112998962402344,26.447999954223633,93,4.0,0.023255813953488372,5.434047724041274,False
A,95,,VAL,V,22.28499984741211,44.547000885009766,25.542999267578125,94,0.0,0.0,3.4687395355488118,False
A,96,,GLN,Q,22.798999786376953,42.10300064086914,28.4060001373291,95,0.0,0.0,0.46300625268425577,False
A,97,,ARG,R,24.086999893188477,38.54800033569336,28.2810001373291,96,10.0,0.0364963503649635,-2.148468016674604,False
A,98,,MET,M,24.45400047302246,35.9900016784668,31.06599998474121,97,21.0,0.09375,-5.067086560475242,False
A,99,,TYR,Y,25.604999542236328,32.387001037597656,30.906999588012695,98,1.0,0.0038022813688212928,-7.587910433422799,False
A,100,,GLY,G,26.983999252319336,29.690000534057617,33.150001525878906,99,0.0,0.0,-11.023696542273212,False
A,101,,CYS,C,26.589000701904297,26.329999923706055,34.84199905395508,100,0.0,0.0,-13.250802753654181,False
A,102,,ASP,D,25.43600082397461,24.729000091552734,38.104000091552734,101,15.0,0.07772020725388601,-14.854031946037104,False
A,103,,VAL,V,26.84600067138672,21.67099952697754,39.87900161743164,102,0.0,0.0,-18.256411289667273,False
A,104,,GLY,G,25.465999603271484,19.5939998626709,42.724998474121094,103,8.0,0.07692307692307693,-19.725703348404267,False
A,105,,SER,S,27.155000686645508,18.694000244140625,45.99800109863281,104,84.0,0.5419354838709678,-23.008041832139124,False
A,106,,ASP,D,29.030000686645508,15.986000061035156,44.09299850463867,105,105.0,0.5440414507772021,-24.727865033942,False
A,107,,TRP,W,30.327999114990234,18.84000015258789,41.90299987792969,106,52.0,0.1824561403508772,-23.14396188490039,False
A,108,,ARG,R,28.836000442504883,17.389999389648438,38.71900177001953,107,171.0,0.6240875912408759,-21.208516268886978,False
A,109,,PHE,F,26.988000869750977,19.115999221801758,35.869998931884766,108,67.0,0.2791666666666667,-17.61659632797464,False
A,110,,LEU,L,23.493000030517578,19.9689998626709,37.03200149536133,109,79.0,0.39303482587064675,-15.291150180688309,False
A,111,,ARG,R,22.358999252319336,22.450000762939453,34.369998931884766,110,131.0,0.4781021897810219,-11.926866199163435,False
A,112,,GLY,G,23.509000778198242,25.17099952697754,31.97800064086914,111,7.0,0.0673076923076923,-10.202538972962014,False
A,113,,TYR,Y,22.045000076293945,28.417999267578125,30.636999130249023,112,22.0,0.08365019011406843,-6.885289515059553,False
A,114,,HIS,H,22.628000259399414,31.27400016784668,28.179000854492188,113,4.0,0.017857142857142856,-4.658115976045417,False
A,115,,GLN,Q,20.281999588012695,34.22100067138672,28.292999267578125,114,38.0,0.1688888888888889,-1.5897506914174997,False
A,116,,TYR,Y,20.2810001373291,37.404998779296875,26.24799919128418,115,1.0,0.0038022813688212928,1.008312082046646,False
A,117,,ALA,A,18.29199981689453,40.619998931884766,26.72100067138672,116,0.0,0.0,3.7759464977352257,False
A,118,,TYR,Y,17.701000213623047,43.86000061035156,24.856000900268555,117,12.0,0.045627376425855515,6.731131077758329,False
A,119,,ASP,D,16.667999267578125,47.005001068115234,26.7450008392334,118,41.0,0.21243523316062177,8.07653856217723,False
A,120,,GLY,G,15.91100025177002,45.01100158691406,29.886999130249023,119,4.0,0.038461538461538464,6.057416597675122,False
A,121,,LYS,K,13.496000289916992,42.465999603271484,28.43199920654297,120,140.0,0.5932203389830508,7.242906438709513,False
A,122,,ASP,D,14.064000129699707,38.880001068115234,27.326000213623047,121,74.0,0.38341968911917096,5.618436280038524,False
A,123,,TYR,Y,15.262999534606934,38.584999084472656,23.7450008392334,122,4.0,0.015209125475285171,6.410673952072804,False
A,124,,ILE,I,16.52400016784668,35.03499984741211,23.176000595092773,123,3.0,0.015228426395939087,4.042866904980601,False
A,125,,ALA,A,17.599000930786133,32.17300033569336,25.434999465942383,124,19.0,0.14728682170542637,0.7335794361704373,False
A,126,,LEU,L,19.030000686645508,28.68600082397461,25.207000732421875,125,9.0,0.04477611940298507,-1.8944174621683612,False
A,127,,LYS,K,16.336000442504883,26.268999099731445,26.415000915527344,126,64.0,0.2711864406779661,-1.7787799808704134,False
A,128,,GLU,E,17.218000411987305,23.915000915527344,29.28700065612793,127,142.0,0.6367713004484304,-5.00610175531196,False
A,129,,ASP,D,17.992000579833984,21.059999465942383,26.868000030517578,128,82.0,0.42487046632124353,-5.758951572520843,False
A,130,,LEU,L,20.81399917602539,23.21500015258789,25.461999893188477,129,4.0,0.01990049751243781,-5.996170641678943,False
A,131,,ARG,R,19.71500015258789,22.16699981689453,21.972000122070312,130,161.0,0.5875912408759124,-3.988266107178754,False
A,132,,SER,S,17.08099937438965,24.766000747680664,21.05699920654297,131,30.0,0.1935483870967742,-0.3727921418648794,False
A,133,,TRP,W,16.340999603271484,28.479000091552734,21.44499969482422,132,6.0,0.021052631578947368,1.7957657638342468,False
A,134,,THR,T,13.418000221252441,30.513999938964844,22.79800033569336,133,60.0,0.3488372093023256,4.203720262528272,False
A,135,,ALA,A,12.739999771118164,33.555999755859375,20.65999984741211,134,18.0,0.13953488372093023,7.259318096517382,False
A,136,,ALA,A,9.640000343322754,35.172000885009766,22.173999786376953,135,79.0,0.6124031007751938,9.505356555535748,False
A,137,,ASP,D,9.75,38.02199935913086,19.656999588012695,136,59.0,0.30569948186528495,12.09531075562288,False
A,138,,MET,M,9.6850004196167,38.51100158691406,15.892000198364258,137,152.0,0.6785714285714286,14.265885309374895,False
A,139,,ALA,A,13.104000091552734,40.18199920654297,15.836000442504883,138,10.0,0.07751937984496124,12.689872405997152,False
A,140,,ALA,A,14.592000007629395,37.42900085449219,18.006000518798828,139,0.0,0.0,9.185403348107052,False
A,141,,GLN,Q,13.279999732971191,34.888999938964844,15.484000205993652,140,73.0,0.3244444444444444,10.122761965311177,False
A,142,,THR,T,15.984999656677246,36.111000061035156,13.0649995803833,141,60.0,0.3488372093023256,10.013739858444385,False
A,143,,THR,T,18.740999221801758,35.55699920654297,15.630000114440918,142,0.0,0.0,6.498026158852106,False
A,144,,LYS,K,17.356000900268555,32.0880012512207,16.34600067138672,143,34.0,0.1440677966101695,5.40878191317119,False
A,145,,HIS,H,17.797000885009766,31.22599983215332,12.659000396728516,144,105.0,0.46875,6.51242357527514,False
A,146,,LYS,K,21.323999404907227,32.66299819946289,12.567999839782715,145,102.0,0.4322033898305085,4.761396932772914,False
A,147,,TRP,W,22.389999389648438,30.70400047302246,15.65999984741211,146,4.0,0.014035087719298246,1.4886453557193775,False
A,148,,GLU,E,20.809999465942383,27.548999786376953,14.222999572753906,147,86.0,0.38565022421524664,1.769832740634353,False
A,149,,ALA,A,22.864999771118164,27.865999221801758,11.036999702453613,148,76.0,0.5891472868217055,2.0587580618336236,False
A,150,,ALA,A,26.038999557495117,28.701000213623047,12.960000038146973,149,38.0,0.29457364341085274,-0.746084560453804,False
A,151,,HIS,H,25.52199935913086,25.639999389648438,15.206000328063965,150,107.0,0.47767857142857145,-3.015573425106691,False
A,152,,VAL,V,25.895999908447266,27.98900032043457,18.174999237060547,151,5.0,0.028735632183908046,-3.604093580160308,False
A,153,,ALA,A,23.874000549316406,25.750999450683594,20.5049991607666,152,2.0,0.015503875968992248,-4.438634309959674,False
A,154,,GLU,E,26.27899932861328,22.858999252319336,19.8700008392334,153,77.0,0.3452914798206278,-7.261236502525106,False
A,155,,GLN,Q,29.385000228881836,24.829999923706055,20.856000900268555,154,69.0,0.30666666666666664,-8.98735752461825,False
A,156,,LEU,L,27.547000885009766,26.391000747680664,23.780000686645508,155,1.0,0.004975124378109453,-8.370658833910513,False
A,157,,ARG,R,26.503999710083008,22.908000946044922,24.92099952697754,156,42.0,0.15328467153284672,-9.922448098815995,False
A,158,,ALA,A,30.113000869750977,21.71500015258789,24.89699935913086,157,62.0,0.4806201550387597,-13.066105537955787,False
A,159,,TYR,Y,31.33099937438965,24.643999099731445,27.0,158,11.0,0.04182509505703422,-13.534735807304275,False
A,160,,LEU,L,28.420000076293945,24.514999389648438,29.43400001525879,159,0.0,0.0,-12.746157638913985,False
A,161,,GLU,E,28.670000076293945,20.7549991607666,30.04199981689453,160,93.0,0.4170403587443946,-15.087629935882653,False
A,162,,GLY,G,32.4640007019043,20.54400062561035,30.111000061035156,161,19.0,0.18269230769230768,-17.923588029346796,False
A,163,,THR,T,34.61399841308594,23.66900062561035,30.086000442504883,162,49.0,0.28488372093023256,-17.89381665363782,False
A,164,,CYS,C,32.375999450683594,25.58300018310547,32.53499984741211,163,0.0,0.0,-16.58066601463414,False
A,165,,VAL,V,32.14500045776367,22.701000213623047,34.9900016784668,164,3.0,0.017241379310344827,-19.0694329277753,False
A,166,,GLU,E,35.86000061035156,21.81599998474121,34.7760009765625,165,118.0,0.5291479820627802,-22.04110150207093,False
A,167,,TRP,W,37.013999938964844,25.33799934387207,35.53200149536133,166,60.0,0.21052631578947367,-21.497428993290615,False
A,168,,LEU,L,34.35499954223633,25.783000946044922,38.22200012207031,167,0.0,0.0,-20.732082679210347,False
A,169,,ARG,R,35.95800018310547,22.90999984741211,40.17300033569336,168,84.0,0.30656934306569344,-24.268159122342386,False
A,170,,ARG,R,39.37300109863281,24.41900062561035,39.472999572753906,169,94.0,0.34306569343065696,-25.59945488727517,False
A,171,,TYR,Y,38.132999420166016,27.641000747680664,41.08100128173828,170,0.0,0.0,-23.92830957824506,False
A,172,,LEU,L,36.457000732421875,25.86199951171875,44.00899887084961,171,0.0,0.0,-25.080787579554723,False
A,173,,GLU,E,39.689998626708984,24.003999710083008,44.83000183105469,172,124.0,0.5560538116591929,-28.70857009169877,False
A,174,,ASN,N,41.98699951171875,27.010000228881836,44.393001556396484,173,79.0,0.40512820512820513,-28.636159509214263,False
A,175,,GLY,G,39.777000427246094,29.257999420166016,46.492000579833984,174,4.0,0.038461538461538464,-27.002712223731137,False
A,176,,LYS,K,38.64400100708008,26.649999618530273,49.02399826049805,175,126.0,0.5338983050847458,-28.753234725690785,False
A,177,,GLU,E,38.84299850463867,28.972999572753906,52.05099868774414,176,175.0,0.7847533632286996,-29.259209205196047,False
A,178,,THR,T,36.847999572753906,31.78499984741211,50.430999755859375,177,45.0,0.2616279069767442,-25.640139925843638,False
A,179,,LEU,L,34.428001403808594,29.753999710083008,48.301998138427734,178,1.0,0.004975124378109453,-23.859863227026036,False
A,180,,GLN,Q,33.75899887084961,26.476999282836914,50.150001525878906,179,68.0,0.3022222222222222,-25.92913416368665,False
A,181,,ARG,R,32.66999816894531,28.18199920654297,53.38100051879883,180,56.0,0.20437956204379562,-25.92716228593458,False
A,182,,THR,T,29.12299919128418,28.67300033569336,54.680999755859375,181,68.0,0.3953488372093023,-23.81280009860622,False
A,183,,ASP,D,28.709999084472656,31.523000717163086,57.172000885009766,182,53.0,0.27461139896373055,-23.355053364670788,False
A,184,,ALA,A,25.562999725341797,30.865999221801758,59.20600128173828,183,45.0,0.3488372093023256,-22.45986411896267,False
A,185,,PRO,P,23.423999786376953,34.01100158691406,59.7140007019043,184,13.0,0.08176100628930817,-19.63771825263136,False
A,186,,LYS,K,23.540000915527344,36.084999084472656,62.887001037597656,185,144.0,0.6101694915254238,-20.280852154933314,False
A,187,,THR,T,19.933000564575195,36.82699966430664,63.821998596191406,186,42.0,0.2441860465116279,-17.817187085909662,False
A,188,,HIS,H,18.110000610351562,39.25199890136719,66.14099884033203,187,81.0,0.36160714285714285,-16.48130514430431,False
A,189,,MET,M,14.859999656677246,41.279998779296875,66.21399688720703,188,39.0,0.17410714285714285,-13.204351394615097,False
A,190,,THR,T,14.178000450134277,44.986000061035156,66.62899780273438,189,25.0,0.14534883720930233,-11.093986730247224,False
A,191,,HIS,H,10.967000007629395,46.7869987487793,67.5510025024414,190,77.0,0.34375,-8.381539276728962,False
A,192,,HIS,H,9.63599967956543,50.20000076293945,66.49700164794922,191,59.0,0.26339285714285715,-5.220230844306531,False
A,193,,ALA,A,6.184000015258789,51.499000549316406,67.36699676513672,192,77.0,0.5968992248062015,-2.558752098807883,False
A,194,,VAL,V,4.374000072479248,52.558998107910156,64.18800354003906,193,82.0,0.47126436781609193,0.8417351910418791,False
A,195,,SER,S,1.5180000066757202,54.17100143432617,66.10299682617188,194,35.0,0.22580645161290322,2.711844319916807,False
A,196,,ASP,D,0.07999999821186066,54.356998443603516,69.61000061035156,195,158.0,0.8186528497409327,2.072590727566821,False
A,197,,HIS,H,-1.4470000267028809,50.92599868774414,68.84200286865234,196,117.0,0.5223214285714286,1.845086862342976,False
A,198,,GLU,E,0.7049999833106995,49.26499938964844,66.13600158691406,197,43.0,0.19282511210762332,0.8467101011119773,False
A,199,,ALA,A,4.329999923706055,48.0620002746582,66.1259994506836,198,1.0,0.007751937984496124,-2.320264950557755,False
A,200,,THR,T,6.888999938964844,46.92100143432617,63.558998107910156,199,17.0,0.09883720930232558,-3.4202716773385857,False
A,201,,LEU,L,8.734999656677246,43.70100021362305,64.32099914550781,200,0.0,0.0,-6.706224088474654,False
A,202,,ARG,R,11.883000373840332,43.34199905395508,62.2140007019043,201,29.0,0.10583941605839416,-8.068156000027233,False
A,203,,CYS,C,13.737000465393066,40.05099868774414,61.91899871826172,202,0.0,0.0,-10.866411460129525,False
A,204,,TRP,W,17.44099998474121,40.47800064086914,61.07899856567383,203,12.0,0.042105263157894736,-12.868324578619735,False
A,205,,ALA,A,19.9689998626709,38.14899826049805,59.47800064086914,204,0.0,0.0,-15.016899511774788,False
A,206,,LEU,L,23.562999725341797,39.374000549316406,59.26599884033203,205,30.0,0.14925373134328357,-16.859912101556557,False
A,207,,SER,S,27.010000228881836,38.04600143432617,58.284000396728516,206,32.0,0.2064516129032258,-19.47617885355502,False
A,208,,PHE,F,25.941999435424805,35.09000015258789,56.117000579833984,207,0.0,0.0,-19.095535746410476,False
A,209,,TYR,Y,27.232999801635742,33.34000015258789,52.99100112915039,208,1.0,0.0038022813688212928,-19.315863458381294,False
A,210,,PRO,P,26.076000213623047,32.263999938964844,50.415000915527344,209,18.0,0.11320754716981132,-17.737576170245042,False
A,211,,ALA,A,23.57200050354004,35.07600021362305,49.744998931884766,210,14.0,0.10852713178294573,-14.23166476788996,False
A,212,,GLU,E,20.69300079345703,32.5890007019043,49.395999908447266,211,152.0,0.6816143497757847,-13.240636425073973,False
A,213,,ILE,I,18.445999145507812,32.80400085449219,52.47200012207031,212,10.0,0.050761421319796954,-13.074936390152246,False
A,214,,THR,T,14.729000091552734,32.64500045776367,53.35200119018555,213,39.0,0.22674418604651161,-10.951225058902088,False
A,215,,LEU,L,13.256999969482422,34.96200180053711,55.98899841308594,214,5.0,0.024875621890547265,-10.077279177139134,False
A,216,,THR,T,9.623000144958496,34.4630012512207,56.96900177001953,215,24.0,0.13953488372093023,-8.230740899405813,False
A,217,,TRP,W,7.327000141143799,35.78200149536133,59.68199920654297,216,0.0,0.0,-7.302652655642462,False
A,218,,GLN,Q,4.598999977111816,33.595001220703125,61.138999938964844,217,30.0,0.13333333333333333,-7.173583348064019,False
A,219,,ARG,R,1.6299999952316284,34.38999938964844,63.36000061035156,218,67.0,0.24452554744525548,-5.780250813814348,False
A,220,,ASP,D,0.45899999141693115,31.288000106811523,65.22200012207031,219,99.0,0.5129533678756477,-7.413099618790764,False
A,221,,GLY,G,2.3910000324249268,29.02899932861328,62.867000579833984,220,47.0,0.4519230769230769,-8.726363071360977,False
A,222,,GLU,E,0.8880000114440918,30.618999481201172,59.74100112915039,221,80.0,0.35874439461883406,-5.30846698466766,False
A,223,,ASP,D,3.1640000343322754,32.39400100708008,57.24700164794922,222,61.0,0.3160621761658031,-4.801497805446124,False
A,224,,GLN,Q,2.2119998931884766,36.034000396728516,56.77399826049805,223,33.0,0.14666666666666667,-2.0878371040516663,False
A,225,,THR,T,2.7060000896453857,35.74399948120117,53.013999938964844,224,28.0,0.16279069767441862,-0.702453577615624,False
A,226,,GLN,Q,1.0069999694824219,39.071998596191406,52.25299835205078,225,4.0,0.017777777777777778,2.531916766042049,False
A,227,,ASP,D,1.725000023841858,40.970001220703125,55.4640007019043,226,37.0,0.19170984455958548,1.354780698909794,False
A,228,,THR,T,5.52400016784668,40.641998291015625,55.26900100708008,227,8.0,0.046511627906976744,-1.4106035960665055,False
A,229,,GLU,E,8.053999900817871,43.13999938964844,53.91600036621094,228,91.0,0.4080717488789238,-1.2970920002048931,False
A,230,,LEU,L,11.449000358581543,41.867000579833984,52.75299835205078,229,9.0,0.04477611940298507,-3.7586869984291216,False
A,231,,VAL,V,14.40999984741211,43.88999938964844,51.47999954223633,230,19.0,0.10919540229885058,-4.22651033349209,False
A,232,,GLU,E,16.9950008392334,42.987998962402344,48.8650016784668,231,19.0,0.08520179372197309,-5.202790356148572,False
A,233,,THR,T,19.68899917602539,40.709999084472656,50.27899932861328,232,28.0,0.16279069767441862,-8.951642166871807,False
A,234,,ARG,R,22.42099952697754,43.34400177001953,50.433998107910156,233,11.0,0.040145985401459854,-9.668460940349787,False
A,235,,PRO,P,26.222000122070312,42.832000732421875,50.54899978637695,234,22.0,0.13836477987421383,-12.681276178355166,False
A,236,,ALA,A,27.983999252319336,43.88999938964844,53.75699996948242,235,1.0,0.007751937984496124,-15.014551884573201,False
A,237,,GLY,G,31.20199966430664,44.36399841308594,51.81399917602539,236,32.0,0.3076923076923077,-16.096230167819968,False
A,238,,ASP,D,33.24100112915039,41.63600158691406,53.512001037597656,237,60.0,0.31088082901554404,-19.744032276504413,False
A,239,,GLY,G,31.993999481201172,38.569000244140625,51.680999755859375,238,34.0,0.3269230769230769,-19.45904182351318,False
A,240,,THR,T,28.808000564575195,38.22700119018555,53.73899841308594,239,12.0,0.06976744186046512,-18.392322704533036,False
A,241,,PHE,F,25.260000228881836,39.470001220703125,53.27199935913086,240,25.0,0.10416666666666667,-15.021799817568787,False
A,242,,GLN,Q,22.44700050354004,41.04199981689453,55.250999450683594,241,8.0,0.035555555555555556,-13.23404928015524,False
A,243,,LYS,K,18.660999298095703,40.89500045776367,55.03099822998047,242,8.0,0.03389830508474576,-10.50534837761095,False
A,244,,TRP,W,15.555000305175781,41.60200119018555,57.08599853515625,243,13.0,0.0456140350877193,-8.975150056541798,False
A,245,,ALA,A,11.817000389099121,40.880001068115234,57.042999267578125,244,0.0,0.0,-6.65347731237272,False
A,246,,ALA,A,9.180999755859375,42.98500061035156,58.81399917602539,245,3.0,0.023255813953488372,-4.62392243810978,False
A,247,,VAL,V,5.556000232696533,42.83599853515625,59.96099853515625,246,5.0,0.028735632183908046,-2.6941659459852403,False
A,248,,VAL,V,3.309999942779541,45.525001525878906,61.43199920654297,247,45.0,0.25862068965517243,-0.5029998391507426,False
A,249,,VAL,V,1.6549999713897705,43.797000885009766,64.39700317382812,248,0.0,0.0,-1.663683041046692,False
A,250,,PRO,P,-1.0800000429153442,45.189998626708984,66.71600341796875,249,32.0,0.20125786163522014,-0.1899177923893216,False
A,251,,SER,S,0.08399999886751175,46.18899917602539,70.23400115966797,250,65.0,0.41935483870967744,-2.282265521551208,False
A,252,,GLY,G,-0.546999990940094,43.178001403808594,72.44000244140625,251,36.0,0.34615384615384615,-4.425981990668742,False
A,253,,GLN,Q,-0.22300000488758087,40.492000579833984,69.75800323486328,252,58.0,0.2577777777777778,-4.643844318165744,False
A,254,,GLU,E,3.5959999561309814,40.393001556396484,69.40899658203125,253,26.0,0.11659192825112108,-7.233173991085325,False
A,255,,GLN,Q,3.9189999103546143,37.08100128173828,71.302001953125,254,66.0,0.29333333333333333,-10.047456225731914,False
A,256,,ARG,R,2.1510000228881836,35.29100036621094,68.41999816894531,255,81.0,0.2956204379562044,-8.234971946759188,False
A,257,,TYR,Y,4.8979997634887695,36.16600036621094,65.93800354003906,256,13.0,0.049429657794676805,-8.513985415368209,False
A,258,,THR,T,7.886000156402588,33.970001220703125,65.14399719238281,257,11.0,0.06395348837209303,-11.32727786867175,False
A,259,,CYS,C,10.689000129699707,34.40599822998047,62.612998962402344,258,0.0,0.0,-11.838736544627785,False
A,260,,HIS,H,12.053000450134277,31.586999893188477,60.492000579833984,259,27.0,0.12053571428571429,-13.14220158521015,False
A,261,,VAL,V,15.505999565124512,31.548999786376953,58.98899841308594,260,0.0,0.0,-14.86417833220434,False
A,262,,GLN,Q,16.593000411987305,28.98900032043457,56.41699981689453,261,60.0,0.26666666666666666,-15.617124077776424,False
A,263,,HIS,H,20.195999145507812,28.975000381469727,55.28799819946289,262,16.0,0.07142857142857142,-17.620862618542176,False
A,264,,GLU,E,22.743000030517578,26.48699951171875,53.95399856567383,263,99.0,0.4439461883408072,-19.995087201165752,False
A,265,,GLY,G,24.886999130249023,27.26300048828125,56.99800109863281,264,15.0,0.14423076923076922,-22.65740201039978,False
A,266,,LEU,L,22.049999237060547,26.13599967956543,59.27299880981445,265,29.0,0.14427860696517414,-22.33555370115359,False
A,267,,PRO,P,21.864999771118164,22.3439998626709,59.87799835205078,266,143.0,0.89937106918239,-24.382119099293128,False
A,268,,LYS,K,18.145999908447266,22.78700065612793,60.650001525878906,267,165.0,0.6991525423728814,-21.905227844728877,False
A,269,,PRO,P,15.680999755859375,25.683000564575195,60.01599884033203,268,75.0,0.4716981132075472,-18.403492806641495,False
A,270,,LEU,L,15.711000442504883,28.393999099731445,62.70800018310547,269,53.0,0.263681592039801,-18.429920787410506,False
A,271,,THR,T,12.62399959564209,29.32900047302246,64.69599914550781,270,83.0,0.48255813953488375,-16.766954809669222,False
A,272,,LEU,L,12.940999984741211,32.60300064086914,66.60700225830078,271,34.0,0.1691542288557214,-16.32843834267235,False
A,273,,ARG,R,10.187000274658203,33.53099822998047,69.05799865722656,272,125.0,0.4562043795620438,-15.137160495377922,False
A,274,,TRP,W,9.585000038146973,37.202999114990234,69.79199981689453,273,84.0,0.29473684210526313,-13.259983050445909,False
A,275,,GLU,E,8.562999725341797,36.05400085449219,73.2770004272461,274,102.0,0.45739910313901344,-14.844270928797426,False
A,276,,PRO,P,9.986000061035156,32.67100143432617,74.39199829101562,275,159.0,1.0,-18.086639491401954,False
B,2,,GLN,Q,9.595000267028809,52.25899887084961,35.24700164794922,0,211.0,0.9377777777777778,11.452325702932207,False
B,3,,ARG,R,12.399999618530273,50.54600143432617,37.14899826049805,1,56.0,0.20437956204379562,7.660024054706464,False
B,4,,THR,T,13.407999992370605,52.81100082397461,40.012001037597656,2,41.0,0.23837209302325582,6.632253128490814,False
B,5,,PRO,P,16.304000854492188,51.893001556396484,42.319000244140625,3,3.0,0.018867924528301886,2.9659764236920876,False
B,6,,LYS,K,15.571000099182129,50.374000549316406,45.7239990234375,4,80.0,0.3389830508474576,1.0332354551939664,False
B,7,,ILE,I,17.929000854492188,52.19499969482422,48.10300064086914,5,26.0,0.1319796954314721,-0.9318378392895315,False
B,8,,GLN,Q,19.555999755859375,50.98500061035156,51.33399963378906,6,18.0,0.08,-4.302428427555148,False
B,9,,VAL,V,21.95400047302246,53.0,53.50299835205078,7,9.0,0.05172413793103448,-6.094980241352275,False
B,10,,TYR,Y,23.658000946044922,50.972999572753906,56.20399856567383,8,7.0,0.026615969581749048,-9.65941150558475,False
B,11,,SER,S,27.020000457763672,50.071998596191406,57.683998107910156,9,14.0,0.09032258064516129,-13.235051838272621,False
B,12,,ARG,R,29.10700035095215,46.91400146484375,57.26599884033203,10,44.0,0.16058394160583941,-16.07165917366635,False
B,13,,HIS,H,29.25,46.22600173950195,60.992000579833984,11,86.0,0.38392857142857145,-18.376611002479386,False
B,14,,PRO,P,27.114999771118164,47.073001861572266,64.06199645996094,12,103.0,0.6477987421383647,-17.974932367059843,False
B,15,,ALA,A,27.729999542236328,50.7869987487793,64.62000274658203,13,29.0,0.2248062015503876,-16.854131689560393,False
B,16,,GLU,E,29.77199935913086,51.74599838256836,67.697998046875,14,112.0,0.5022421524663677,-19.370419382288308,False
B,17,,ASN,N,30.586000442504883,55.428001403808594,68.18099975585938,15,86.0,0.441025641025641,-18.369407935346437,False
B,18,,GLY,G,34.29800033569336,56.04800033569336,67.70899963378906,16,56.0,0.5384615384615384,-20.465549267138726,False
B,19,,LYS,K,35.0629997253418,52.65299987792969,66.1050033569336,17,115.0,0.4872881355932203,-21.886594190762153,False
B,20,,SER,S,35.99300003051758,52.44300079345703,62.391998291015625,18,71.0,0.45806451612903226,-20.795082787745496,False
B,21,,ASN,N,33.48899841308594,50.89699935913086,59.98400115966797,19,7.0,0.035897435897435895,-18.57570412615926,False
B,22,,PHE,F,32.11600112915039,51.22999954223633,56.42900085449219,20,41.0,0.17083333333333334,-15.65745515242422,False
B,23,,LEU,L,29.121999740600586,53.237998962402344,55.23099899291992,21,0.0,0.0,-11.93688000782739,False
B,24,,ASN,N,27.31599998474121,51.382999420166016,52.441001892089844,22,0.0,0.0,-10.175534841216233,False
B,25,,CYS,C,24.589000701904297,52.37099838256836,49.987998962402344,23,0.0,0.0,-6.5217739452680545,False
B,26,,TYR,Y,23.173999786376953,49.48500061035156,47.99300003051758,24,15.0,0.057034220532319393,-5.945829621655895,False
B,27,,VAL,V,20.96299934387207,50.36899948120117,45.03200149536133,25,0.0,0.0,-2.456326304899168,False
B,28,,SER,S,19.224000930786133,47.46900177001953,43.28099822998047,26,0.0,0.0,-1.7789796970146303,False
B,29,,GLY,G,16.350000381469727,46.52399826049805,40.97100067138672,27,8.0,0.07692307692307693,0.9516879659199863,False
B,30,,PHE,F,16.816999435424805,49.48400115966797,38.597999572753906,28,0.0,0.0,3.2702671996971295,False
B,31,,HIS,H,17.172000885009766,49.84600067138672,34.805999755859375,29,16.0,0.07142857142857142,5.092952473125125,False
B,32,,PRO,P,18.895000457763672,51.32699966430664,32.8380012512207,30,49.0,0.3081761006289308,5.584622459455115,False
B,33,,SER,S,22.3439998626709,51.09299850463867,34.446998596191406,31,11.0,0.07096774193548387,2.2125442869187717,False
B,34,,ASP,D,23.0310001373291,54.83300018310547,34.33300018310547,32,113.0,0.5854922279792746,3.6310256476814686,False
B,35,,ILE,I,22.746000289916992,56.07699966430664,37.89099884033203,33,30.0,0.15228426395939088,2.6699286193516087,False
B,36,,GLU,E,24.40399932861328,58.742000579833984,40.08100128173828,34,103.0,0.4618834080717489,1.7144307291397065,False
B,37,,VAL,V,25.000999450683594,57.874000549316406,43.744998931884766,35,11.0,0.06321839080459771,-0.9712916010758426,False
B,38,,ASP,D,26.516000747680664,59.952999114990234,46.54800033569336,36,23.0,0.11917098445595854,-2.4214795126278,False
B,39,,LEU,L,27.22100067138672,59.27799987792969,50.21799850463867,37,0.0,0.0,-5.091516423981733,False
B,40,,LEU,L,26.606000900268555,62.32500076293945,52.40700149536133,38,6.0,0.029850746268656716,-4.241732913312961,False
B,41,,LYS,K,27.99799919128418,63.48500061035156,55.75299835205078,39,91.0,0.3855932203389831,-6.330527928610045,False
B,42,,ASN,N,25.849000930786133,66.25900268554688,57.2239990234375,40,74.0,0.37948717948717947,-4.166277233273236,False
B,43,,GLY,G,24.392000198364258,66.93499755859375,53.792999267578125,41,54.0,0.5192307692307693,-1.0806615994872875,False
B,44,,GLU,E,27.826000213623047,67.40899658203125,52.244998931884766,42,148.0,0.6636771300448431,-2.5133908108951903,False
B,45,,ARG,R,29.201000213623047,65.08799743652344,49.59000015258789,43,133.0,0.4854014598540146,-3.3113574348940613,False
B,46,,ILE,I,31.83799934387207,62.58000183105469,50.73099899291992,44,34.0,0.17258883248730963,-6.996949272727305,False
B,47,,GLU,E,34.83599853515625,62.3849983215332,48.38100051879883,45,117.0,0.5246636771300448,-8.049631811268215,False
B,48,,LYS,K,36.70000076293945,59.176998138427734,47.46799850463867,46,196.0,0.8305084745762712,-10.504944506496619,False
B,49,,VAL,V,33.779998779296875,56.74800109863281,47.33399963378906,47,41.0,0.23563218390804597,-9.563579497902872,False
B,50,,GLU,E,34.257999420166016,53.4119987487793,45.566001892089844,48,116.0,0.5201793721973094,-10.669419490068147,False
B,51,,HIS,H,31.584999084472656,51.05699920654297,44.22800064086914,49,83.0,0.3705357142857143,-9.26504260403105,False
B,52,,SER,S,31.155000686645508,47.44200134277344,43.07500076293945,50,22.0,0.14193548387096774,-10.170894662651504,False
B,53,,ASP,D,31.3439998626709,46.39400100708008,39.42499923706055,51,13.0,0.06735751295336788,-8.998606785261048,False
B,54,,LEU,L,28.07200050354004,46.7239990234375,37.481998443603516,52,18.0,0.08955223880597014,-5.537871963945495,False
B,55,,SER,S,26.125,43.45600128173828,37.520999908447266,53,0.0,0.0,-5.789680548715182,False
B,56,,PHE,F,22.520000457763672,42.3390007019043,37.26599884033203,54,4.0,0.016666666666666666,-3.6519277945366087,False
B,57,,SER,S,19.867000579833984,40.04800033569336,38.71200180053711,55,27.0,0.17419354838709677,-3.6221160903810237,False
B,58,,LYS,K,17.52400016784668,37.40700149536133,37.262001037597656,56,80.0,0.3389830508474576,-2.537790625821784,False
B,59,,ASP,D,15.083999633789062,40.013999938964844,35.96200180053711,57,20.0,0.10362694300518134,1.1362264845294614,False
B,60,,TRP,W,17.93000030517578,41.94300079345703,34.25199890136719,58,8.0,0.028070175438596492,0.9221632636799324,False
B,61,,SER,S,17.722000122070312,44.768001556396484,36.79499816894531,59,2.0,0.012903225806451613,1.19581454862496,False
B,62,,PHE,F,21.058000564575195,46.21099853515625,37.922000885009766,60,0.0,0.0,-1.0254692187920262,False
B,63,,TYR,Y,22.558000564575195,46.512001037597656,41.38800048828125,61,39.0,0.1482889733840304,-3.675915019642439,False
B,64,,LEU,L,25.527999877929688,48.44300079345703,42.731998443603516,62,10.0,0.04975124378109453,-5.504138653767275,False
B,65,,LEU,L,27.179000854492188,48.89500045776367,46.11000061035156,63,11.0,0.05472636815920398,-8.143244526037343,False
B,66,,TYR,Y,28.75,52.23099899291992,46.972999572753906,64,27.0,0.10266159695817491,-8.041508549071423,False
B,67,,TYR,Y,30.9689998626709,52.3849983215332,50.05500030517578,65,45.0,0.17110266159695817,-11.083790466519496,False
B,68,,THR,T,33.45100021362305,54.42399978637695,52.05699920654297,66,16.0,0.09302325581395349,-12.840684603028041,False
B,69,,GLU,E,35.262001037597656,53.93299865722656,55.36399841308594,67,116.0,0.5201793721973094,-16.024452400828963,False
B,70,,PHE,F,33.922000885009766,55.8650016784668,58.340999603271484,68,14.0,0.058333333333333334,-15.604771017817777,False
B,71,,THR,T,33.790000915527344,56.222999572753906,62.112998962402344,69,58.0,0.3372093023255814,-17.21986299026267,False
B,72,,PRO,P,30.18600082397461,56.840999603271484,63.284000396728516,70,0.0,0.0,-14.937665189463035,False
B,73,,THR,T,29.788000106811523,59.404998779296875,66.06199645996094,71,50.0,0.29069767441860467,-14.775539149248399,False
B,74,,GLU,E,26.586000442504883,60.47100067138672,67.8030014038086,72,162.0,0.726457399103139,-12.842530541845182,False
B,75,,LYS,K,25.76099967956543,63.82600021362305,66.22100067138672,73,186.0,0.788135593220339,-9.805618127460955,False
B,76,,ASP,D,27.00200080871582,63.066001892089844,62.685001373291016,74,45.0,0.23316062176165803,-9.295732874745157,False
B,77,,GLU,E,24.27400016784668,62.45399856567383,60.097999572753906,75,122.0,0.547085201793722,-6.365645332161124,False
B,78,,TYR,Y,24.849000930786133,60.198001861572266,57.09400177001953,76,12.0,0.045627376425855515,-6.388254486128899,False
B,79,,ALA,A,22.740999221801758,59.7859992980957,53.981998443603516,77,11.0,0.08527131782945736,-3.537490292739543,False
B,80,,CYS,C,22.75200080871582,58.45199966430664,50.43000030517578,78,0.0,0.0,-2.429127894768799,False
B,81,,ARG,R,21.625999450683594,60.74100112915039,47.61000061035156,79,73.0,0.2664233576642336,0.9135022497362093,False
B,82,,VAL,V,20.54599952697754,58.75699996948242,44.542999267578125,80,0.0,0.0,2.233441652044295,False
B,83,,ASN,N,19.639999389648438,60.106998443603516,41.106998443603516,81,52.0,0.26666666666666666,5.263232300842626,False
B,84,,HIS,H,18.179000854492188,58.07600021362305,38.22600173950195,82,10.0,0.044642857142857144,6.73776982509255,False
B,85,,VAL,V,16.16699981689453,58.62799835205078,35.02000045776367,83,112.0,0.6436781609195402,10.044096547990783,False
B,86,,THR,T,13.079999923706055,57.1349983215332,36.707000732421875,84,36.0,0.20930232558139536,10.656636026524668,False
B,87,,LEU,L,13.11299991607666,59.845001220703125,39.41400146484375,85,34.0,0.1691542288557214,10.620083735776172,False
B,88,,SER,S,11.359000205993652,63.24700164794922,39.33700180053711,86,135.0,0.8709677419354839,13.588153592337298,False
B,89,,GLN,Q,14.166000366210938,64.50199890136719,41.597999572753906,87,142.0,0.6311111111111111,11.082942798749215,False
B,90,,PRO,P,17.099000930786133,63.13800048828125,43.69300079345703,88,52.0,0.3270440251572327,7.275764854268951,False
B,91,,LYS,K,15.9350004196167,60.665000915527344,46.31399917602539,89,106.0,0.4491525423728814,5.569553282839445,False
B,92,,ILE,I,17.760000228881836,61.04100036621094,49.64899826049805,90,99.0,0.5025380710659898,2.790665113257498,False
B,93,,VAL,V,17.722000122070312,58.23899841308594,52.229000091552734,91,44.0,0.25287356321839083,0.1417665408046931,False
B,94,,LYS,K,19.02199935913086,58.8849983215332,55.757999420166016,92,157.0,0.6652542372881356,-2.2273609602965525,False
B,95,,TRP,W,21.090999603271484,56.33100128173828,57.667999267578125,93,33.0,0.11578947368421053,-5.916424868656808,False
B,96,,ASP,D,19.246000289916992,54.80699920654297,60.619998931884766,94,74.0,0.38341968911917096,-6.83463770642141,False
B,97,,ARG,R,21.49799919128418,52.597999572753906,62.76300048828125,95,76.0,0.2773722627737226,-10.599652532810659,False
B,98,,ASP,D,18.584999084472656,51.7859992980957,65.0739974975586,96,116.0,0.6010362694300518,-10.085972631672318,False
B,99,,MET,M,16.618999481201172,50.180999755859375,62.21099853515625,97,61.0,0.27232142857142855,-8.050731502255616,False
C,1,,ILE,I,36.96099853515625,30.95400047302246,32.03300094604492,0,18.0,0.09137055837563451,-16.932494193990376,False
C,2,,LEU,L,34.96699905395508,32.619998931884766,29.256999969482422,1,1.0,0.004975124378109453,-13.302963720465893,False
C,3,,LYS,K,33.334999084472656,30.763999938964844,26.37299919128418,2,11.0,0.046610169491525424,-11.618804752354203,False
C,4,,GLU,E,34.624000549316406,31.013999938964844,22.805999755859375,3,105.0,0.47085201793721976,-10.627982101757327,False
C,5,,PRO,P,33.92599868774414,31.95400047302246,20.183000564575195,4,67.0,0.42138364779874216,-8.355345956102292,False
C,6,,VAL,V,31.099000930786133,34.49700164794922,20.399999618530273,5,23.0,0.13218390804597702,-5.196371779910299,False
C,7,,HIS,H,28.382999420166016,35.08599853515625,17.829999923706055,6,40.0,0.17857142857142858,-1.6892829318990916,False
C,8,,GLY,G,26.469999313354492,38.31399917602539,17.426000595092773,7,28.0,0.2692307692307692,1.4692547716586208,False
C,9,,VAL,V,22.68600082397461,38.45199966430664,17.232999801635742,8,4.0,0.022988505747126436,4.323996873011479,False
D,1,,SER,S,6.561999797821045,40.900001525878906,33.96900177001953,0,83.0,0.535483870967742,8.62911070461401,False
D,2,,GLN,Q,8.038999557495117,39.35200119018555,37.104000091552734,1,51.0,0.22666666666666666,5.245972083218705,False
D,3,,PHE,F,7.765999794006348,35.895999908447266,35.53799819946289,2,12.0,0.05,4.513655232747533,False
D,4,,ARG,R,8.970000267028809,33.805999755859375,32.619998931884766,3,43.0,0.15693430656934307,4.08300520576296,False
D,5,,VAL,V,6.506999969482422,31.115999221801758,31.440000534057617,4,23.0,0.13218390804597702,5.0933985495169,False
D,6,,SER,S,6.585000038146973,28.125999450683594,29.06100082397461,5,46.0,0.2967741935483871,4.748551576116278,False
D,7,,PRO,P,5.623000144958496,26.538000106811523,26.666000366210938,6,27.0,0.16981132075471697,5.844474497768526,False
D,8,,LEU,L,4.189000129699707,29.264999389648438,24.41699981689453,7,99.0,0.4925373134328358,9.337196595753355,False
D,9,,ASP,D,4.868000030517578,27.489999771118164,21.107999801635742,8,123.0,0.6373056994818653,9.631065432010123,False
D,10,,ARG,R,2.2179999351501465,24.768999099731445,21.099000930786133,9,102.0,0.3722627737226277,10.173561085489492,False
D,11,,THR,T,-1.2170000076293945,23.270000457763672,21.672000885009766,10,64.0,0.37209302325581395,11.587521450248744,False
D,12,,TRP,W,-2.3489999771118164,19.972000122070312,23.197999954223633,11,2.0,0.007017543859649123,9.998003359104432,False
D,13,,ASN,N,-4.71999979019165,17.214000701904297,22.121000289916992,12,85.0,0.4358974358974359,10.85786239973849,False
D,14,,LEU,L,-7.323999881744385,15.23799991607666,24.034000396728516,13,109.0,0.5422885572139303,10.775145778239738,False
D,15,,GLY,G,-5.728000164031982,12.75100040435791,26.430999755859375,14,41.0,0.3942307692307692,7.211968663622121,False
D,16,,GLU,E,-2.2929999828338623,14.373000144958496,26.160999298095703,15,59.0,0.2645739910313901,5.707346531590408,False
D,17,,THR,T,-0.35600000619888306,15.428000450134277,29.277999877929688,16,77.0,0.4476744186046512,3.2936822661253062,False
D,18,,VAL,V,0.050999999046325684,19.18400001525879,29.70800018310547,17,3.0,0.017241379310344827,4.647124817413128,False
D,19,,GLU,E,3.187999963760376,20.38599967956543,31.52899932861328,18,86.0,0.38565022421524664,2.101108312977235,False
D,20,,LEU,L,3.5390000343322754,24.089000701904297,32.277000427246094,19,2.0,0.009950248756218905,3.309146076883345,False
D,21,,LYS,K,6.433000087738037,25.902000427246094,33.959999084472656,20,30.0,0.1271186440677966,1.3070842141597723,False
D,22,,CYS,C,6.859000205993652,29.402000427246094,35.36199951171875,21,0.0,0.0,2.034398678884613,False
D,23,,GLN,Q,10.006999969482422,30.993999481201172,36.70399856567383,22,33.0,0.14666666666666667,-0.08703793485980738,False
D,24,,VAL,V,9.482000350952148,33.54399871826172,39.46200180053711,23,7.0,0.040229885057471264,0.1684414529830689,False
D,25,,LEU,L,11.83899974822998,36.43299865722656,38.731998443603516,24,8.0,0.03980099502487562,0.286831378155732,False
D,26,,LEU,L,10.98799991607666,38.29499816894531,41.944000244140625,25,11.0,0.05472636815920398,0.20676510347859028,False
D,27,,SER,S,14.079999923706055,38.790000915527344,44.08000183105469,26,57.0,0.36774193548387096,-2.814453926695391,False
D,28,,ASN,N,12.112000465393066,39.24599838256836,47.297000885009766,27,14.0,0.07179487179487179,-2.7983907403834376,False
D,29,,PRO,P,9.223999977111816,36.77799987792969,47.10499954223633,28,52.0,0.3270440251572327,-1.8700645498824084,False
D,30,,THR,T,7.3429999351501465,36.652000427246094,50.42100143432617,29,15.0,0.0872093023255814,-2.2532135166292164,False
D,31,,SER,S,5.3480000495910645,33.61000061035156,49.29499816894531,30,26.0,0.16774193548387098,-1.7766158414692574,False
D,32,,GLY,G,5.13700008392334,30.42799949645996,47.279998779296875,31,5.0,0.04807692307692308,-2.192984109673945,False
D,33,,CYS,C,3.683000087738037,30.183000564575195,43.79499816894531,32,0.0,0.0,0.46196170882921184,False
D,34,,SER,S,0.04100000113248825,29.69300079345703,42.882999420166016,33,6.0,0.03870967741935484,3.264640216240591,False
D,35,,TRP,W,-1.1119999885559082,28.18400001525879,39.58300018310547,34,0.0,0.0,4.987915324314489,False
D,36,,LEU,L,-4.235000133514404,29.927000045776367,38.30500030517578,35,0.0,0.0,8.709120059982377,False
D,37,,PHE,F,-6.715000152587891,29.208999633789062,35.51300048828125,36,27.0,0.1125,11.512979178113843,False
D,38,,GLN,Q,-9.0,31.40399932861328,33.42599868774414,37,9.0,0.04,15.266529401310471,False
D,39,,PRO,P,-11.161999702453613,30.04400062561035,30.56999969482422,38,48.0,0.3018867924528302,17.558784928842694,False
D,40,,ARG,R,-11.868000030517578,31.577999114990234,27.19099998474121,39,177.0,0.6459854014598541,20.508907432511307,True
D,41,,GLY,G,-14.92300033569336,33.76599884033203,27.672000885009766,40,46.0,0.4423076923076923,23.522375155972192,True
D,42,,ALA,A,-15.869000434875488,37.42399978637695,28.10099983215332,41,100.0,0.7751937984496124,25.789673189465766,True
D,43,,ALA,A,-15.717000007629395,38.29800033569336,31.815000534057617,42,47.0,0.3643410852713178,24.25691165254608,True
D,44,,ALA,A,-14.407999992370605,34.9010009765625,32.88199996948242,43,20.0,0.15503875968992248,21.11265875210475,True
D,45,,SER,S,-13.069000244140625,35.051998138427734,36.43899917602539,44,24.0,0.15483870967741936,18.45697083516451,False
D,46,,PRO,P,-9.800000190734863,33.39400100708008,37.676998138427734,45,8.0,0.050314465408805034,14.694021215869808,False
D,47,,THR,T,-9.75,29.99799919128418,39.40700149536133,46,68.0,0.3953488372093023,12.113762802974536,False
D,48,,PHE,F,-7.23199987411499,28.72800064086914,41.9640007019043,47,12.0,0.05,8.41709682218037,False
D,49,,LEU,L,-5.557000160217285,25.371000289916992,41.26599884033203,48,9.0,0.04477611940298507,5.91494527434167,False
D,50,,LEU,L,-2.441999912261963,24.767000198364258,43.34600067138672,49,8.0,0.03980099502487562,2.361792665620267,False
D,51,,TYR,Y,-0.0989999994635582,26.440000534057617,45.775001525878906,50,23.0,0.08745247148288973,0.3091812284776885,False
D,52,,LEU,L,3.510999917984009,25.299999237060547,45.5620002746582,51,2.0,0.009950248756218905,-2.7144713404857908,False
D,53,,SER,S,6.171999931335449,26.225000381469727,48.097999572753906,52,16.0,0.1032258064516129,-5.41661462702072,False
D,54,,GLN,Q,8.96500015258789,24.80699920654297,50.244998931884766,53,89.0,0.39555555555555555,-9.176978171855374,False
D,55,,ASN,N,6.434999942779541,22.547000885009766,51.98899841308594,54,103.0,0.5282051282051282,-9.3682691787531,False
D,56,,LYS,K,3.565000057220459,20.290000915527344,50.81399917602539,55,172.0,0.7288135593220338,-7.856877409325912,False
D,57,,PRO,P,1.4240000247955322,21.488000869750977,47.81700134277344,56,58.0,0.36477987421383645,-4.243827078170543,False
D,58,,LYS,K,-2.1059999465942383,22.69099998474121,48.56800079345703,57,78.0,0.3305084745762712,-1.514884658101964,False
D,59,,ALA,A,-4.741000175476074,21.909000396728516,45.96099853515625,58,29.0,0.2248062015503876,1.275007943952418,False
D,60,,ALA,A,-7.978000164031982,23.827999114990234,45.457000732421875,59,18.0,0.13953488372093023,4.777303863158991,False
D,61,,GLU,E,-10.979000091552734,22.19099998474121,47.0890007019043,60,155.0,0.695067264573991,5.28498340955376,False
D,62,,GLY,G,-12.420000076293945,19.566999435424805,44.77799987792969,61,91.0,0.875,6.166998681579689,False
D,63,,LEU,L,-9.467000007629395,19.409000396728516,42.388999938964844,62,33.0,0.16417910447761194,5.184108994435814,False
D,64,,ASP,D,-8.642999649047852,16.110000610351562,40.70399856567383,63,69.0,0.35751295336787564,3.8091071064950857,False
D,65,,THR,T,-5.254000186920166,15.416999816894531,42.30799865722656,64,92.0,0.5348837209302325,0.2551526081224553,False
D,66,,GLN,Q,-4.9019999504089355,12.229999542236328,40.250999450683594,65,175.0,0.7777777777777778,-0.542916342962127,False
D,67,,ARG,R,-4.550000190734863,14.454999923706055,37.165000915527344,66,24.0,0.08759124087591241,1.850369743764901,False
D,68,,PHE,F,-3.3440001010894775,17.77199935913086,38.630001068115234,67,18.0,0.075,1.9011799436576406,False
D,69,,SER,S,-0.0010000000474974513,17.98699951171875,40.43199920654297,68,61.0,0.3935483870967742,-1.2699627526585564,False
D,70,,GLY,G,2.8580000400543213,20.402999877929688,40.9370002746582,69,19.0,0.18269230769230768,-2.3598918894109584,False
D,71,,LYS,K,6.461999893188477,20.701000213623047,42.066001892089844,70,107.0,0.4533898305084746,-5.339023808120582,False
D,72,,ARG,R,9.093000411987305,23.308000564575195,42.8849983215332,71,99.0,0.3613138686131387,-6.32939797593966,False
D,73,,LEU,L,12.557999610900879,23.30699920654297,41.349998474121094,72,98.0,0.48756218905472637,-8.025606427623618,False
D,74,,GLY,G,14.178000450134277,26.31100082397461,42.994998931884766,73,47.0,0.4519230769230769,-8.513916279858794,False
D,75,,ASP,D,12.444000244140625,29.378999710083008,41.56999969482422,74,45.0,0.23316062176165803,-5.051266037046481,False
D,76,,THR,T,10.743000030517578,27.413999557495117,38.77799987792969,75,33.0,0.19186046511627908,-3.41796994306749,False
D,77,,PHE,F,7.297999858856201,25.929000854492188,39.4370002746582,76,8.0,0.03333333333333333,-2.032976219633882,False
D,78,,VAL,V,5.797999858856201,23.143999099731445,37.31800079345703,77,1.0,0.005747126436781609,-1.2846530035069692,False
D,79,,LEU,L,2.1110000610351562,22.312000274658203,36.777000427246094,78,2.0,0.009950248756218905,1.1953581385604148,False
D,80,,THR,T,1.1759999990463257,18.891000747680664,35.39099884033203,79,26.0,0.1511627906976744,0.8609590521714128,False
D,81,,LEU,L,-2.259000062942505,17.910999298095703,34.09199905395508,80,3.0,0.014925373134328358,3.467623008135542,False
D,82,,SER,S,-2.671999931335449,14.38700008392334,32.74700164794922,81,39.0,0.25161290322580643,2.6906949970094987,False
D,83,,ASP,D,-5.434000015258789,13.491999626159668,30.256999969482422,82,64.0,0.3316062176165803,5.456477605710907,False
D,84,,PHE,F,-6.164999961853027,16.929000854492188,28.753000259399414,83,0.0,0.0,8.428125055028069,False
D,85,,ARG,R,-9.86299991607666,17.5310001373291,28.100000381469727,84,91.0,0.33211678832116787,11.68123232168866,False
D,86,,ARG,R,-11.956999778747559,20.187999725341797,26.354999542236328,85,175.0,0.6386861313868614,15.356515132699702,False
D,87,,GLU,E,-13.015999794006348,21.44300079345703,29.79800033569336,86,132.0,0.5919282511210763,15.008583051776075,False
D,88,,ASN,N,-9.347999572753906,22.152999877929688,30.6299991607666,87,14.0,0.07179487179487179,12.336236314497441,False
D,89,,GLU,E,-8.994000434875488,24.606000900268555,27.719999313354492,88,44.0,0.19730941704035873,14.75287419766022,False
D,90,,GLY,G,-8.019000053405762,28.091999053955078,28.802000045776367,89,0.0,0.0,15.242987392965247,False
D,91,,TYR,Y,-5.232999801635742,30.316999435424805,30.04800033569336,90,18.0,0.06844106463878327,13.739981640934124,False
D,92,,TYR,Y,-2.9210000038146973,29.17099952697754,32.83100128173828,91,4.0,0.015209125475285171,10.138088713219062,False
D,93,,PHE,F,-0.7699999809265137,31.594999313354492,34.797000885009766,92,0.0,0.0,8.824922946148927,False
D,94,,CYS,C,1.2610000371932983,32.0880012512207,37.95899963378906,93,0.0,0.0,6.04396380545571,False
D,95,,SER,S,0.8880000114440918,34.40700149536133,40.94499969482422,94,1.0,0.0064516129032258064,5.963135179841949,False
D,96,,ALA,A,3.3340001106262207,35.224998474121094,43.74599838256836,95,2.0,0.015503875968992248,3.228406402228046,False
D,97,,LEU,L,3.565000057220459,37.66400146484375,46.643001556396484,96,5.0,0.024875621890547265,2.822057321026464,False
D,98,,SER,S,6.111999988555908,40.297000885009766,47.61399841308594,97,10.0,0.06451612903225806,1.8282571493078996,False
D,99,,ASN,N,5.645999908447266,43.13999938964844,50.108001708984375,98,36.0,0.18461538461538463,2.3187164108926206,False
D,100,,SER,S,1.850000023841858,42.845001220703125,50.231998443603516,99,22.0,0.14193548387096774,4.80932385289183,False
D,101,,ILE,I,1.7690000534057617,43.15299987792969,46.44200134277344,100,5.0,0.025380710659898477,6.914244661082604,False
D,102,,MET,M,0.3580000102519989,40.38100051879883,44.270999908447266,101,4.0,0.017857142857142856,7.631731368979516,False
D,103,,TYR,Y,2.055000066757202,39.63999938964844,40.93899917602539,102,49.0,0.18631178707224336,7.724851209073058,False
D,104,,PHE,F,0.753000020980835,37.84199905395508,37.87200164794922,103,24.0,0.1,9.294603817309438,False
D,105,,SER,S,2.5950000286102295,36.202999114990234,34.99800109863281,104,1.0,0.0064516129032258064,8.61148199133358,False
D,106,,HIS,H,1.5570000410079956,36.3120002746582,31.356000900268555,105,117.0,0.5223214285714286,11.224293427938147,False
D,107,,PHE,F,-1.0520000457763672,33.797000885009766,30.191999435424805,106,17.0,0.07083333333333333,12.417035381631317,False
D,108,,VAL,V,0.07100000232458115,30.39699935913086,28.92799949645996,107,0.0,0.0,10.5690216853829,False
D,109,,PRO,P,-2.5409998893737793,29.482999801635742,26.27400016784668,108,56.0,0.3522012578616352,13.30077312274873,False
D,110,,VAL,V,-3.4570000171661377,25.816999435424805,26.617000579833984,109,0.0,0.0,11.967185269910308,False
D,111,,PHE,F,-5.909999847412109,24.98200035095215,23.834999084472656,110,25.0,0.10416666666666667,14.688981958088618,False
D,112,,LEU,L,-6.769999980926514,22.285999298095703,21.28700065612793,111,34.0,0.1691542288557214,15.240859926868689,False
D,113,,PRO,P,-5.386000156402588,22.74799919128418,17.72800064086914,112,66.0,0.41509433962264153,16.26500829880338,False
D,114,,ALA,A,-7.505000114440918,25.281999588012695,15.769000053405762,113,154.0,1.0,20.004225948999803,True
E,1,,SER,S,-17.937000274658203,32.21500015258789,44.95500183105469,0,83.0,0.535483870967742,16.256332798806394,False
E,2,,GLN,Q,-16.92099952697754,33.09299850463867,48.51100158691406,1,77.0,0.3422222222222222,14.19034495385299,False
E,3,,PHE,F,-17.742000579833984,36.762001037597656,47.88199996948242,2,12.0,0.05,16.903224972512312,False
E,4,,ARG,R,-20.676000595092773,39.106998443603516,47.2859992980957,3,175.0,0.6386861313868614,20.446829650180074,True
E,5,,VAL,V,-19.89699935913086,42.13100051879883,45.10599899291992,4,15.0,0.08620689655172414,22.47876600688737,True
E,6,,SER,S,-21.66900062561035,45.388999938964844,44.18199920654297,5,50.0,0.3225806451612903,25.811907932327827,True
E,7,,PRO,P,-22.798999786376953,47.4119987487793,42.15299987792969,6,32.0,0.20125786163522014,28.630311047281403,True
E,8,,LEU,L,-23.749000549316406,44.8129997253418,39.49800109863281,7,108.0,0.5373134328358209,29.347647843379367,True
E,9,,ASP,D,-26.375,46.917999267578125,37.707000732421875,8,142.0,0.7357512953367875,33.15109317258198,True
E,10,,ARG,R,-24.49799919128418,50.02399826049805,36.755001068115234,9,101.0,0.3686131386861314,33.82903557108951,True
E,11,,THR,T,-22.33099937438965,51.92100143432617,34.2869987487793,10,67.0,0.38953488372093026,34.46083649809645,True
E,12,,TRP,W,-20.187999725341797,55.02199935913086,34.8849983215332,11,5.0,0.017543859649122806,34.17221131075795,True
E,13,,ASN,N,-19.3700008392334,58.124000549316406,32.816001892089844,12,86.0,0.441025641025641,36.1595024255291,True
E,14,,LEU,L,-16.219999313354492,60.231998443603516,32.42399978637695,13,102.0,0.5074626865671642,35.15886397760424,True
E,15,,GLY,G,-15.310999870300293,62.22100067138672,35.53300094604492,14,45.0,0.4326923076923077,33.94195980383444,True
E,16,,GLU,E,-17.68400001525879,60.16600036621094,37.67399978637695,15,57.0,0.2556053811659193,33.54195528675734,True
E,17,,THR,T,-16.530000686645508,58.534000396728516,40.91899871826172,16,77.0,0.4476744186046512,30.29188480146266,True
E,18,,VAL,V,-16.64900016784668,54.73500061035156,40.917999267578125,17,4.0,0.022988505747126436,28.497938267484955,True
E,19,,GLU,E,-17.240999221801758,53.027000427246094,44.26900100708008,18,86.0,0.38565022421524664,26.398478171934805,True
E,20,,LEU,L,-17.06999969482422,49.236000061035156,44.42499923706055,19,1.0,0.004975124378109453,24.3238337233434,True
E,21,,LYS,K,-17.645999908447266,46.95100021362305,47.41699981689453,20,83.0,0.3516949152542373,22.10710837433905,True
E,22,,CYS,C,-16.983999252319336,43.27199935913086,48.05400085449219,21,0.0,0.0,19.498314194367296,True
E,23,,GLN,Q,-18.017000198364258,41.23699951171875,51.0620002746582,22,56.0,0.24888888888888888,17.722117685653664,False
E,24,,VAL,V,-15.654999732971191,38.415000915527344,51.98099899291992,23,9.0,0.05172413793103448,14.18770761485748,False
E,25,,LEU,L,-17.820999145507812,35.42100143432617,52.87200164794922,24,78.0,0.3880597014925373,13.801104858311636,False
E,26,,LEU,L,-14.986000061035156,33.02799987792969,53.69900131225586,25,15.0,0.07462686567164178,10.188635320931805,False
E,27,,SER,S,-15.088000297546387,30.46299934387207,56.51900100708008,26,101.0,0.6516129032258065,7.5824588796095025,False
E,28,,ASN,N,-11.869999885559082,31.858999252319336,58.05400085449219,27,97.0,0.49743589743589745,5.217815459163761,False
E,29,,PRO,P,-11.88700008392334,35.51499938964844,56.89899826049805,28,53.0,0.3333333333333333,7.615713307889946,False
E,30,,THR,T,-9.286999702453613,37.91999816894531,58.39400100708008,29,92.0,0.5348837209302325,6.209460543449378,False
E,31,,SER,S,-6.374000072479248,37.736000061035156,55.93899917602539,30,56.0,0.36129032258064514,5.2751479595205115,False
E,32,,GLY,G,-6.855000019073486,41.104000091552734,54.185001373291016,31,6.0,0.057692307692307696,8.159944405817955,False
E,33,,CYS,C,-8.368000030517578,41.645999908447266,50.76300048828125,32,0.0,0.0,11.21459368196829,False
E,34,,SER,S,-6.914999961853027,42.5989990234375,47.39099884033203,33,1.0,0.0064516129032258064,12.339047117356921,False
E,35,,TRP,W,-8.657999992370605,44.643001556396484,44.70100021362305,34,0.0,0.0,15.934111247569513,False
E,36,,LEU,L,-7.728000164031982,43.38600158691406,41.237998962402344,35,0.0,0.0,16.38275906255151,False
E,37,,PHE,F,-8.314000129699707,44.70600128173828,37.715999603271484,36,28.0,0.11666666666666667,19.21322808466108,True
E,38,,GLN,Q,-8.604999542236328,43.020999908447266,34.32099914550781,37,9.0,0.04,20.28416875588114,True
E,39,,PRO,P,-9.371000289916992,44.90299987792969,31.07200050354004,38,48.0,0.3018867924528302,23.38407071885107,True
E,40,,ARG,R,-11.904999732971191,43.81700134277344,28.461000442504883,39,149.0,0.5437956204379562,25.95380001676017,True
E,41,,GLY,G,-10.345000267028809,41.7140007019043,25.725000381469727,40,50.0,0.4807692307692308,25.17264610443355,True
E,42,,ALA,A,-9.027000427246094,38.180999755859375,25.315000534057617,41,85.0,0.6589147286821705,22.693226629653644,True
E,43,,ALA,A,-5.599999904632568,37.26300048828125,26.71500015258789,42,65.0,0.5038759689922481,19.102970464497396,True
E,44,,ALA,A,-5.7769999504089355,40.2130012512207,29.15399932861328,43,19.0,0.14728682170542637,19.468411124667615,True
E,45,,SER,S,-3.9210000038146973,39.44200134277344,32.415000915527344,44,31.0,0.2,16.137161462802883,False
E,46,,PRO,P,-4.892000198364258,40.55699920654297,35.99700164794922,45,9.0,0.05660377358490566,15.587924090936376,False
E,47,,THR,T,-3.4119999408721924,43.659000396728516,37.650001525878906,46,68.0,0.3953488372093023,15.24361075478728,False
E,48,,PHE,F,-2.9639999866485596,44.340999603271484,41.36399841308594,47,12.0,0.05,13.405463061445971,False
E,49,,LEU,L,-4.428999900817871,47.58100128173828,42.74100112915039,48,9.0,0.04477611940298507,15.360959385849009,False
E,50,,LEU,L,-4.75600004196167,47.617000579833984,46.52000045776367,49,5.0,0.024875621890547265,13.721724728079758,False
E,51,,TYR,Y,-4.373000144958496,45.428001403808594,49.564998626708984,50,2.0,0.0076045627376425855,10.844245926693516,False
E,52,,LEU,L,-6.701000213623047,46.2859992980957,52.39699935913086,51,3.0,0.014925373134328358,11.507562327115897,False
E,53,,SER,S,-5.848999977111816,44.77399826049805,55.79199981689453,52,16.0,0.1032258064516129,8.456530688298663,False
E,54,,GLN,Q,-5.533999919891357,45.85300064086914,59.430999755859375,53,121.0,0.5377777777777778,6.946792593149608,False
E,55,,ASN,N,-2.7100000381469727,48.26599884033203,58.47800064086914,54,38.0,0.19487179487179487,6.609259690788507,False
E,56,,LYS,K,-2.8269999027252197,51.13399887084961,55.983001708984375,55,173.0,0.7330508474576272,9.358487458773691,False
E,57,,PRO,P,-3.7269999980926514,50.18199920654297,52.37799835205078,56,60.0,0.37735849056603776,11.329911940282937,False
E,58,,LYS,K,-0.7609999775886536,48.983001708984375,50.33000183105469,57,66.0,0.2796610169491525,9.652385952640667,False
E,59,,ALA,A,-1.1449999809265137,50.29899978637695,46.790000915527344,58,19.0,0.14728682170542637,12.346277918066976,False
E,60,,ALA,A,0.4359999895095825,48.79399871826172,43.683998107910156,59,17.0,0.13178294573643412,12.030975826918189,False
E,61,,GLU,E,3.690000057220459,50.42900085449219,42.58300018310547,60,125.0,0.5605381165919282,11.07695372024745,False
E,62,,GLY,G,2.9000000953674316,53.49599838256836,40.51900100708008,61,89.0,0.8557692307692307,14.187533813544366,False
E,63,,LEU,L,-0.8009999990463257,53.698001861572266,41.32899856567383,62,32.0,0.15920398009950248,16.5134313130364,False
E,64,,ASP,D,-2.4809999465942383,57.097999572753906,41.446998596191406,63,68.0,0.35233160621761656,19.33040548942604,True
E,65,,THR,T,-3.3320000171661377,57.24800109863281,45.165000915527344,64,87.0,0.5058139534883721,18.15055976934916,False
E,66,,GLN,Q,-5.011000156402588,60.630001068115234,44.650001525878906,65,169.0,0.7511111111111111,21.274420960460194,True
E,67,,ARG,R,-7.7129998207092285,58.819000244140625,42.67900085449219,66,17.0,0.06204379562043796,23.28498247847998,True
E,68,,PHE,F,-7.489999771118164,55.244998931884766,44.007999420166016,67,16.0,0.06666666666666667,20.694202433655143,True
E,69,,SER,S,-8.21500015258789,54.49399948120117,47.667999267578125,68,60.0,0.3870967741935484,19.008138444792543,True
E,70,,GLY,G,-9.746999740600586,51.775001525878906,49.801998138427734,69,17.0,0.16346153846153846,17.6853569344402,False
E,71,,LYS,K,-11.093000411987305,50.959999084472656,53.250999450683594,70,111.0,0.4703389830508475,16.51459467100549,False
E,72,,ARG,R,-12.29800033569336,48.071998596191406,55.39799880981445,71,83.0,0.3029197080291971,14.86926289498242,False
E,73,,LEU,L,-15.800999641418457,48.180999755859375,56.888999938964844,72,110.0,0.5472636815920398,16.667902668851355,False
E,74,,GLY,G,-16.243000030517578,44.86399841308594,58.66600036621094,73,58.0,0.5576923076923077,14.452975940559432,False
E,75,,ASP,D,-16.187999725341797,41.994998931884766,56.178001403808594,74,69.0,0.35751295336787564,14.238827282218677,False
E,76,,THR,T,-16.80500030517578,44.35200119018555,53.25600051879883,75,33.0,0.19186046511627908,17.304251616165605,False
E,77,,PHE,F,-13.942000389099121,46.09600067138672,51.43899917602539,76,9.0,0.0375,17.040098725955737,False
E,78,,VAL,V,-14.515000343322754,49.28099822998047,49.422000885009766,77,1.0,0.005747126436781609,20.031281054526676,True
E,79,,LEU,L,-12.579999923706055,50.516998291015625,46.37099838256836,78,3.0,0.014925373134328358,20.792564922025548,True
E,80,,THR,T,-12.906000137329102,54.16299819946289,45.319000244140625,79,28.0,0.16279069767441862,23.353677503063707,True
E,81,,LEU,L,-11.694999694824219,55.617000579833984,42.02399826049805,80,4.0,0.01990049751243781,24.859468385850032,True
E,82,,SER,S,-12.3149995803833,59.314998626708984,41.42599868774414,81,39.0,0.25161290322580643,27.42830044080888,True
E,83,,ASP,D,-12.461000442504883,60.82600021362305,37.922000885009766,82,65.0,0.33678756476683935,30.03145262791613,True
E,84,,PHE,F,-13.28600025177002,57.70100021362305,35.88100051879883,83,1.0,0.004166666666666667,30.09276120721708,True
E,85,,ARG,R,-11.272000312805176,57.7140007019043,32.6619987487793,84,99.0,0.3613138686131387,30.27697164425571,True
E,86,,ARG,R,-11.543999671936035,55.5880012512207,29.510000228881836,85,172.0,0.6277372262773723,30.994780381326688,True
E,87,,GLU,E,-8.383999824523926,53.71699905395508,30.58799934387207,86,128.0,0.5739910313901345,27.283961772050823,True
E,88,,ASN,N,-10.133999824523926,52.555999755859375,33.76900100708008,87,10.0,0.05128205128205128,26.363260933134676,True
E,89,,GLU,E,-12.720000267028809,50.48099899291992,31.884000778198242,88,36.0,0.16143497757847533,28.117781970727705,True
E,90,,GLY,G,-12.67300033569336,46.808998107910156,32.73500061035156,89,0.0,0.0,25.842644962690077,True
E,91,,TYR,Y,-13.54699993133545,44.20100021362305,35.31100082397461,90,23.0,0.08745247148288973,23.88600326166229,True
E,92,,TYR,Y,-12.79699993133545,44.75199890136719,38.99300003051758,91,5.0,0.019011406844106463,21.7843725747675,True
E,93,,PHE,F,-12.737000465393066,41.88399887084961,41.47800064086914,92,0.0,0.0,19.08066464877788,True
E,94,,CYS,C,-11.585000038146973,40.7869987487793,44.92300033569336,93,0.0,0.0,15.996633553799182,False
E,95,,SER,S,-9.163000106811523,38.12699890136719,46.125999450683594,94,1.0,0.0064516129032258064,12.357697575067705,False
E,96,,ALA,A,-8.557000160217285,36.73400115966797,49.61000061035156,95,4.0,0.031007751937984496,9.4959040763644,False
E,97,,LEU,L,-6.296000003814697,34.07600021362305,51.13399887084961,96,23.0,0.11442786069651742,5.811909402673357,False
E,98,,SER,S,-7.020999908447266,31.36199951171875,53.676998138427734,97,11.0,0.07096774193548387,3.7134161066092854,False
E,99,,ASN,N,-4.52400016784668,28.597999572753906,54.45899963378906,98,85.0,0.4358974358974359,0.1802227871367892,False
E,100,,SER,S,-2.625,28.871999740600586,51.1870002746582,99,37.0,0.23870967741935484,0.6017778118559942,False
E,101,,ILE,I,-5.822000026702881,28.839000701904297,49.09700012207031,100,10.0,0.050761421319796954,3.903152797975251,False
E,102,,MET,M,-6.51200008392334,31.832000732421875,46.85900115966797,101,7.0,0.03125,6.993044185562493,False
E,103,,TYR,Y,-10.130999565124512,32.87699890136719,46.22999954223633,102,45.0,0.17110266159695817,10.397105893419694,False
E,104,,PHE,F,-11.605999946594238,35.167999267578125,43.60100173950195,103,21.0,0.0875,13.893321659919252,False
E,105,,SER,S,-14.923999786376953,37.00600051879883,43.512001037597656,104,1.0,0.0064516129032258064,17.205638003774002,False
E,106,,HIS,H,-17.027999877929688,37.4739990234375,40.39899826049805,105,117.0,0.5223214285714286,20.48931869276833,True
E,107,,PHE,F,-16.229000091552734,40.35499954223633,38.077999114990234,106,18.0,0.075,22.50680714598365,True
E,108,,VAL,V,-17.740999221801758,43.775001525878906,38.68199920654297,107,0.0,0.0,24.97124657688463,True
E,109,,PRO,P,-18.101999282836914,45.28099822998047,35.1870002746582,108,50.0,0.31446540880503143,27.720263367654287,True
E,110,,VAL,V,-17.121999740600586,48.94300079345703,35.26900100708008,109,0.0,0.0,28.793877105530918,True
E,111,,PHE,F,-17.700000762939453,50.358001708984375,31.788000106811523,110,25.0,0.10416666666666667,31.64514957546158,True
E,112,,LEU,L,-19.024999618530273,53.50899887084961,30.118999481201172,111,25.0,0.12437810945273632,34.98010009247857,True
E,113,,PRO,P,-22.604999542236328,53.391998291015625,28.753999710083008,112,62.0,0.389937106918239,38.14969505644712,True
E,114,,ALA,A,-22.68400001525879,51.95800018310547,25.222000122070312,113,155.0,1.0,39.26257850471093,True
